Movie,Year,Country
!Next?,1994,Italy
#15SecondScare,2015,USA
An Emirati Dilemma,2007,United Arab Emirates
An Emotional Affair,2013,USA
An Emotional Sherpa,2015,Norway
An Emotional Wreck,2014,Australia
An Empire Production with Charles Band,2013,USA
An Empire of Faith,2010,USA
An Empire's Money Maker,1910,UK
An Emptied Gigolo,2013,USA
An Empty Bed,1990,USA
An Empty Bottle,,UK
An Empty Box,1913,USA
An Empty Chamber,2015,USA
An Empty Hand,2009,USA
An Empty Lot,2013,USA
An Empty Place at the Table,2005,USA
An Empty Seat,2014,Japan
An Empty State,2015,USA
An En Vogue Christmas,2014,Canada
An Enchanted Ruby,2017,USA
An Enchanted Voice,1914,USA
An Encounter,2006,Canada
An Encounter,2012,USA
An Encounter,2012,India
An Encounter In The Wilderness,2015,Singapore
An Encounter In The Wilderness,2015,India
An Encounter in the Woods,2009,South Korea
An Encounter with Faces,1978,India
An Encounter with Simone Weil,2010,USA
An Encounter with Simone Weil,2010,Italy
An Encounter with Simone Weil,2010,Sweden
An Encounter with the Messiah,2015,USA
An End,2013,Canada
An End to All Good Things,2014,Canada
An End to Dreaming,2007,Ireland
An Endangered Culture,2011,Canada
An Endangered Culture,2011,India
An Endgame,2008,USA
An Ending,2017,USA
An Ending for Gerald,2005,USA
An Endless Cycle,2016,UK
An Endless Field,2012,Australia
An Endless Story,1999,Croatia
An Endless Wait,2015,USA
An Enduring Tradition,1960,Canada
An Enemy in the Camp,1908,UK
An Enemy of Mankind,1915,USA
An Enemy of Men,1925,USA
An Enemy of Soap,1918,USA
An Enemy of the People,1966,USA
An Enemy of the People,1978,USA
An Enemy of the People,1980,UK
An Enemy of the People,1990,USA
An Enemy of the People,,USA
An Enemy of the People,,USA
An Enemy to Society,1915,USA
An Enemy to the King,1916,USA
An Enemy's Aid,1913,USA
An Energetic Member of the S.P.C.A.,1912,USA
An Engagement,2012,USA
An Engagement of Convenience,1914,UK
An Engineer's Sweetheart,1910,USA
An Engineering Problem,1916,USA
An English Boxing Bout,1910,France
An English Gymkana,1905,UK
An English Harvest,1907,UK
An English Man at Home,1909,UK
An English Prize-Fight,1903,UK
An English Summer,1949,UK
An English Town,,UK
An English Village,1957,UK
An Englishman Abroad,1983,UK
An Englishman in Albania,1994,UK
An Englishman in Brisbane,2013,Australia
An Englishman in Italy: An Interview with Richard Johnson,2009,USA
An Englishman in New York,2009,UK
An Englishman's Home,1914,UK
An Englishman's Home,1940,UK
An Englishman's Home,1946,UK
An Englishman's Home,2010,UK
An Englishman's Home..........,1946,UK
An Englishman's Honor,1911,USA
An Englishman's Honour,1915,UK
An Englishman's Trip to Paris from London,1904,UK
An Enjoyable Ride,1912,France
An Enlisted Man's Honor,1911,USA
An Enormous Haul,1902,UK
An Enraged New World,2002,USA
An Ensign to the Nations,1997,USA
An Entanglement,2015,USA
An Enterprising Caper,2005,USA
An Enterprising Florist,1908,USA
An Enthusiastic Photographer,1911,UK
An Environment,1973,India
An Epic Bad Day,2014,USA
An Epic Journey to Coming to America,2014,USA
An Epic Tale,2012,South Africa
An Epic at Sea: The Making of 'Pirates of the Caribbean: The Curse of the Black Pearl',2003,USA
An Epidemic of Masturbatory Proportions,2002,USA
An Epiphany for Alice,2015,USA
An Episode,1914,USA
An Episode from the Ramayana,1912,India
An Episode in the Life of a Lodger,1902,UK
An Episode of Life in Greater London,1921,UK
An Episode of the Derby,1906,UK
An Episode of the Early Mormon Days,1911,USA
An Episode of the French Revolution,1908,UK
An Episode of the Hundred Years War,1912,France
An Episode of the Paris Commune,1907,France
An Epistle from the Koreans,1959,USA
An Epix Exclusive Conversation with Leonard Nimoy,2014,USA
An Equal Chance,1913,USA
An Equal Opportunity,1982,Canada
An Equal Playing Field,2015,USA
An Equal Share,2007,Canada
An Equine Hero,1910,USA
An Equine Hero,1912,USA
An Equine Hero,1913,USA
An Equinox of Love,2013,UK
An Erotic Film,1975,USA
An Erotic Journey,2006,USA
An Erotic Success: The Making of 'Emmanuelle',2007,France
An Erotic Tale of Ms. Dracula,2014,USA
An Erotic Vampire in Paris,2002,USA
An Erotic Werewolf in London,2006,UK
An Erotic Werewolf in London,2006,USA
An Errand of Mercy,1913,USA
An Errant Husband Hypnotised,1910,France
An Erring Son's Awakening,1911,USA
An Error for a Dialogue & Pan Right for the Girl.,2014,UK
An Error in Common,2008,USA
An Error in Kidnapping,1913,USA
An Escape,2012,USA
An Escape from the Flames,1904,USA
An Eskimotion Picture,1921,USA
An Esquimaux Game,1901,USA
An Essay on Matisse,1996,USA
An Essay on Pornography,1973,Australia
An Essay on Science,1964,Canada
An Etchers Memory,2011,Australia
An Eternal Love,2010,USA
An Eternal Love 2: Reckless Heart,2010,USA
An Eternal Lover,1999,Bulgaria
An Eternal Vacation of Happines,2016,Taiwan
An Eternity,1999,South Korea
An Ethiopian Love,,USA
An Ethnography of Ellensburg,2010,USA
An Euphoric Relationship,2010,USA
An Even Break,1912,USA
An Even Break,1917,USA
An Even Briefer History of Time,2007,Canada
An Even Exchange,1913,USA
An Even Keel,2010,Canada
An Even Worse Joke,2013,USA
An Evening,2011,USA
An Evening Alone,1938,USA
An Evening Chat,1903,USA
An Evening Giallo,2000,USA
An Evening Meal of Toadroots,2014,USA
An Evening Run,2016,USA
An Evening Story,1912,France
An Evening With Berlin At The GRAMMY Museum,2013,USA
An Evening With Taj Mahal At The GRAMMY Museum,2013,USA
An Evening at Club Josephine,1992,USA
An Evening at H,2003,USA
An Evening at Home,2011,USA
An Evening at Home with Hitchy,1929,USA
An Evening at Mistress Domino's,1990,USA
An Evening at Tanglewood,1967,USA
An Evening at the Academy Awards,2008,USA
An Evening at the Inn,1962,USA
An Evening at the Moulin Rouge,1981,USA
An Evening for Nicaragua,1983,UK
An Evening in Dublin with Mary Chapin Carpenter & Paul Brady,1996,USA
An Evening in Paris,1967,India
An Evening of Alan King at Carnegie Hall,1987,USA
An Evening of Championship Skating,1992,USA
An Evening of Championship Skating,1993,USA
An Evening of Championship Skating,1996,USA
An Evening of Championship Skating,1998,USA
An Evening of Championship Skating,1999,USA
An Evening of Championship Skating,2000,USA
An Evening of Christian Radio,1999,USA
An Evening of Comedy with Jimmie Walker and Friends,1988,USA
An Evening of Country Greats: A Hall of Fame Celebration,1996,USA
An Evening of Edgar Allan Poe,1970,USA
An Evening of Eternity,2015,Germany
An Evening of Extraordinary Circumstance,2012,USA
An Evening of Fourplay: Volumes 1 & 2,1994,USA
An Evening of Grace: A Concert for the Children,2010,USA
An Evening of Murder,2016,USA
An Evening of One Acts,2008,USA
An Evening of Stars: 25th Anniversary Tribute to Lou Rawls,2004,USA
An Evening of Stars: A Celebration of Educational Excellence,2001,USA
An Evening of Stars: Tribute to Aretha Franklin,2007,USA
An Evening of Stars: Tribute to Chaka Khan,2011,USA
An Evening of Stars: Tribute to Lionel Richie,2010,USA
An Evening of Stars: Tribute to Patti LaBelle,2009,USA
An Evening of Stars: Tribute to Quincy Jones,2005,USA
An Evening of Stars: Tribute to Smokey Robinson,2008,USA
An Evening of Stars: Tribute to Stevie Wonder,2006,USA
An Evening of Troma-tainment with Lloyd Kaufman,2012,UK
An Evening with 'Il Divo': Live in Barcelona,2009,UK
An Evening with Alice Cooper,2015,USA
An Evening with Amy Grant, Featuring the Nashville Symphony,2007,USA
An Evening with Andy Williams,1978,UK
An Evening with B.B. King,2003,USA
An Evening with Ben Patterson,2010,Germany
An Evening with Black Artists,2010,USA
An Evening with Black Artists,2011,USA
An Evening with Blowers: Henry Blofeld, the Voice of Cricket, Live,2008,UK
An Evening with Bobcat Goldthwait: Share the Warmth,1987,USA
An Evening with Burt Bacharach,1970,UK
An Evening with Cake,2014,USA
An Evening with Cal Price,2002,USA
An Evening with Carol Burnett,1963,USA
An Evening with Carol Channing,1966,USA
An Evening with Chris Jangaard,1974,USA
An Evening with Christopher Cross,1999,USA
An Evening with Collective Soul,2012,USA
An Evening with Crystal Pite,2013,Netherlands
An Evening with David Carr, Jr.,2011,USA
An Evening with David Garcia,2008,France
An Evening with David Schwartz... Who?,2010,USA
An Evening with Della Reese,2004,USA
An Evening with Dennis DeYoung and the Music of Styx,2014,USA
An Evening with Diahann Carroll,2005,USA
An Evening with Diana Ross,1977,USA
An Evening with Dionne Warwick,2001,USA
An Evening with Eartha Kitt,2009,USA
An Evening with Ed Kowalczyck At The GRAMMY Museum,2013,USA
An Evening with Eddie Gomez,2005,USA
An Evening with Ekman, Eyal-Behar, Inger, Leon & Lightfoot,2013,Netherlands
An Evening with Emery Long,2009,USA
An Evening with Ethel Merman,1965,UK
An Evening with Fiends,,USA
An Evening with Fred Astaire,1958,USA
An Evening with Gary Lineker,1994,UK
An Evening with Gene Kelly,1977,UK
An Evening with Glen Campbell,1977,UK
An Evening with Godsmack,2006,USA
An Evening with Harry Belafonte & Friends,1997,USA
An Evening with Harry Enfield & Paul Whitehouse,2015,UK
An Evening with Howard Keel,1985,UK
An Evening with Ivan Gorsky,2004,USA
An Evening with Jack Benny,1969,UK
An Evening with James Young,2008,UK
An Evening with John Barrowman: Live at the Royal Concert Hall Glasgow,2009,UK
An Evening with John Bogle: From Wall Street to Your Street,2011,USA
An Evening with John Denver,1975,USA
An Evening with Jule Styne,1968,UK
An Evening with Julie Andrews and Harry Belafonte,1969,USA
An Evening with Kevin Smith,2002,USA
An Evening with Kevin Smith 2: Evening Harder,2006,USA
An Evening with Kiri Te Kanawa,1987,UK
An Evening with Kitten,1983,USA
An Evening with Kris Kristofferson,2013,USA
An Evening with Kylian, Walerski, Leon & Lightfoot,2012,Netherlands
An Evening with Larry Breeze,2005,USA
An Evening with Lena Horne,1994,USA
An Evening with Leon & Lightfoot,2012,Netherlands
An Evening with Leslie Phillips,2000,UK
An Evening with Lifehouse at the Grammy Museum,2013,USA
An Evening with Lily Savage,1996,UK
An Evening with Liza Minnelli,1980,USA
An Evening with Mark Chopper Read,2013,Australia
An Evening with Matt Monro,2005,UK
An Evening with Max Wall,1982,UK
An Evening with Mike and Jessica at The King's Head Inn,2008,Canada
An Evening with Mr. and Mrs. Lincoln,2009,USA
An Evening with My Comatose Mother,2011,USA
An Evening with My Comatose Mother,,USA
An Evening with Nancy,2009,USA
An Evening with Nat King Cole,1963,UK
An Evening with Nikki Giovanni,2005,USA
An Evening with Oliver,2014,USA
An Evening with Ossie Davis & Ruby Dee,2002,USA
An Evening with P. Oswalt,2007,USA
An Evening with Pam Ayres,1983,UK
An Evening with Patti LuPone,1997,USA
An Evening with Paul Lynde,2006,USA
An Evening with Pl�cido Domingo,1987,USA
An Evening with Quentin Crisp,1980,USA
An Evening with Quentin Crisp,2009,USA
An Evening with Quincy Jones,2008,USA
An Evening with Richard O'Brien,2008,New Zealand
An Evening with Rick Ross and the 1500 or Nothin Band,2013,USA
An Evening with Robert Helpmann,1963,UK
An Evening with Robert Klein,1975,USA
An Evening with Robert Morley,1964,USA
An Evening with Robin Williams,1982,USA
An Evening with Rosanne Seaborn,2001,Canada
An Evening with Russell Crowe,2000,USA
An Evening with Russell Simmons,2004,USA
An Evening with Samantha Spade,1989,UK
An Evening with Sammy Davis, Jr. & Jerry Lewis,1988,USA
An Evening with Scott Hamilton & Friends,2004,USA
An Evening with Sevendust: Live from the Gothic Theatre,2014,USA
An Evening with Sharp Teeth,2009,USA
An Evening with Sir Peter Ustinov,1995,UK
An Evening with Sir Peter Ustinov,1995,Canada
An Evening with Sir William Martin,1981,USA
An Evening with Spike Milligan,1996,UK
An Evening with Stephen Lynch,2009,USA
An Evening with Todd Rundgren Live at the Ridgefield,2016,USA
An Evening with Tony,2016,USA
An Evening with Utopia,1983,USA
An Evening with Valerie Simpson in Tribute to Nick Ashford,2012,USA
An Evening with Wilder Spender,1913,USA
An Evening with Wynton Marsalis and Willie Nelson,2009,USA
An Evening with the Dixie Chicks,2002,USA
An Evening with the Dude Designs,2011,UK
An Evening with the Golddiggers,2009,USA
An Evening with the Impostors,2014,Canada
An Evening with the Menuhins,1967,UK
An Evening with the Parkers,,USA
An Evening with the Royal Ballet,1963,UK
An Evening with...,1990,USA
An Evening with... Peter Rogers,2005,UK
An Evening with... Sir Donald Sinden,2002,UK
An Evenly Matched Game,2012,USA
An Eventful Bargain Day,1912,USA
An Eventful Elopement,1912,USA
An Eventful Evening,1911,USA
An Eventful Evening,1916,USA
An Ever Present Silence,2011,USA
An Evergreen Christmas,2014,USA
An Everlasting Fairytale,2016,USA
An Everlasting Piece,2000,USA
An Everyday Man?,2015,UK
An Everyday Occurence,1929,USA
An Everyday Tale of a Seeker of Gold,1986,UK
An Eviction Notice,1995,USA
An Evil Day,1909,France
An Evil Hour,1971,USA
An Evil Mind,2016,USA
An Evil Power,1911,USA
An Evil Town,1995,USA
An Evil Within,2012,USA
An Evil of the Slums,1914,USA
An Ex-Cannibal Carnival,1918,USA
An Examination of Exhibits A1 Thru E5,2002,USA
An Examination of Kubrick's A Clockwork Orange,1972,UK
An Examined Life,2011,UK
An Example,1915,USA
An Excellent Choice,2007,USA
An Exception to the Rule,1911,USA
An Excerpt from Jane Austen's Love & Friendship,2016,Australia
An Exchange,2013,USA
An Exchange of Good Stories,1899,USA
An Exciting Courtship,1914,USA
An Exciting Day,1927,USA
An Exciting Finish,1899,USA
An Exciting Honeymoon,1913,USA
An Exciting Hunt,1909,France
An Exciting Outing,1912,USA
An Exciting Pillow Fight,1900,UK
An Exciting Water Duel,1902,UK
An Exciting Yarn,1910,France
An Exclusive Inside Look at 'Harry Potter and the Order of the Phoenix',2007,USA
An Exclusive Pattern,1913,USA
An Excursion Into Wales,1910,UK
An Excursion in New Zealand,1912,France
An Excursion to Grande Chartreuse,1913,France
An Execution by Hanging,1898,USA
An Execution by Hanging,1905,USA
An Exercise from Winter Count,2014,USA
An Exercise in Command: RIMPAC 2012,2013,Canada
An Exercise in Discipline: Peel,1986,Australia
An Exercise in Filmstyle,1995,Sweden
An Exercise in Futility,2014,USA
An Exercise in Narcissism,2005,USA
An Exercise in Terror: The Making of 'Death Spa',2014,USA
An Exercise in Vigilance,2007,USA
An Exile's Home in the Bronx,2012,Ireland
An Exile's Home in the Bronx,2012,USA
An Exile's Love,1910,USA
An Existential Affair,2006,USA
An Existential Rupturing of Hedonistic Schemas,2011,USA
An Expedition in East Africa,1910,UK
An Expensive Drink,1913,USA
An Expensive Shine,1912,USA
An Expensive Sky Piece,1909,USA
An Expensive Visit,1915,USA
An Experience,2014,USA
An Experiment in Fear: The Making of Monkey Shines,2014,USA
An Experiment in Motion,2008,USA
An Expert in Crime,1939,UK
An Explanation: And Then Burn the Ashes,2006,Occupied Palestinian Territory
An Exploration in Blue,2016,USA
An Exploration of Light,2013,Canada
An Exploration of Madness,2014,USA
An Explorer's Tragedy,1913,France
An Explosion,1904,UK
An Explosive Opening,2011,USA
An Expression,1988,India
An Expression,,Japan
An Extra Digit,2005,USA
An Extra Seat at the Table,2015,USA
An Extra Turn,1902,UK
An Extraordinary Cab Accident,1903,UK
An Extraordinary Day,2011,USA
An Extraordinary Day,2012,USA
An Extraordinary Overcoat,1908,France
An Extras Night In,2010,UK
An Extremely Goofy Movie,2000,USA
An Extremely Goofy Movie,2000,Australia
An Eye Too Many,1915,USA
An Eye at the Top of the World,,USA
An Eye for Alba,2008,USA
An Eye for Detail,2002,USA
An Eye for Figures,1920,USA
An Eye for Talent,1998,USA
An Eye for a Tooth,2005,UK
An Eye for an Eye,1910,USA
An Eye for an Eye,1913,USA
An Eye for an Eye,1913,France
An Eye for an Eye,1915,USA
An Eye for an Eye,1966,USA
An Eye for an Eye,1973,USA
An Eye for an Eye,1981,USA
An Eye for an Eye,2003,USA
An Eye for an Eye,2004,USA
An Eye for an Eye,2005,UK
An Eye for an Eye,2006,USA
An Eye for an Eye,2010,USA
An Eye for an Eye,2013,USA
An Eye for an Eye,2014,USA
An Eye for an Eye,2016,Canada
An Eye for an Eye,,USA
An Eye for the Country,1972,UK
An Eyeful,1924,USA
An Eyeful of Egypt,1919,USA
An Eyeful of Sound,2010,Canada
An Eyeful of Sound,2010,Netherlands
An Eyeful of Sound,2010,UK
An Fiach Dubh,2003,Ireland
An Gabha Geal,1986,Ireland
An Gaeilgeoir Nocht,2006,Ireland
An Gob�n Saor,1994,Ireland
An Heiress for Two,1915,USA
An Heroic Death,2015,UK
An Heroic Death,2015,France
An Historic Feat,1900,USA
An Historical Moment,2007,USA
An History of Civilisation,2010,UK
An Honest Arrangement,2013,USA
An Honest Buck,2013,USA
An Honest Conversation,2015,Canada
An Honest Liar,2014,USA
An Honest Liar,2014,Spain
An Honest Liar,2014,Italy
An Honest Liar,2014,Canada
An Honest Life,2012,USA
An Honest Living,2014,USA
An Honest Man,1918,USA
An Honest Man,2015,USA
An Honest Newsboy's Reward,1908,USA
An Honest Performance of Baby It's Cold Outside,2015,USA
An Honest Reflection,2015,USA
An Honest Thief,2011{{SUSPENDED}},USA
An Honest Tradesman,2006{{SUSPENDED}},USA
An Honest Young Man,1913,USA
An Honorable Cad,1919,USA
An Honorable Calling,2002,USA
An Honorable Man,2012,USA
An Honorable Man,2014,USA
An Honourable Day,2008,Sweden
An Honourable Murder,1960,UK
An Honourable Retirement,1979,UK
An Hour Before Dawn,1913,USA
An Hour Before Dawn,2015,UK
An Hour Behind,2017,USA
An Hour Past a Lifetime,2017,USA
An Hour a Day,2013,Egypt
An Hour for Lunch,1939,USA
An Hour of Freedom,1915,USA
An Hour of Sleep,2010,UK
An Hour of Terror,1909,USA
An Hour of Terror,1912,USA
An Hour of Terror,1913,USA
An Hour of Terror,1914,USA
An Hour of Terror,1917,USA
An Hour of Youth,1914,USA
An Hour to Kill,2017,USA
An Hour with Danny Kaye,1960,USA
An Hour with Robert Goulet,1964,USA
An Human,2011,India
An I Within,1999,USA
An Ice Boy,1925,USA
An Ice Covered Vessel,1904,USA
An Ice Cream Show,1996,USA
An Ice Man's Bride,1917,USA
An Iconic Film Revisited: 'Say Anything...' 20 Years Later,2009,USA
An Icy Day,1907,France
An Idea for the Killing,2011,USA
An Idea of Canada,2003,Canada
An Ideal Beauty,2013,UK
An Ideal Farm,1924,USA
An Ideal Goodbye,2013,USA
An Ideal Husband,1947,UK
An Ideal Husband,1999,UK
An Ideal Husband,1999,USA
An Ideal Husband,1999,UK
An Ideal Life,2008,USA
An Ideal Marriage,2016,USA
An Ideal Mother,2013,USA
An Idiot Alone,2012,UK
An Idiot Tale,2010,USA
An Idiot's Array: A Star Wars Short Story,2017,USA
An Idiot's Guide to Politics,2015,UK
An Idle Dream,2010,USA
An Idle Mind Is the Devil's Playground,2016,USA
An Idle Roomer,1922,USA
An Idle Roomer,1933,USA
An Idle Second,2010,USA
An Idyl of Hawaii,1912,USA
An Idyl of the Snows,1916,USA
An Idyll of the Hills,1915,USA
An Igloo for Two,1955,USA
An Ignoble Caper,2011,USA
An Ill Timed Interlude,2015,Canada
An Ill Wind,1912,USA
An Ill Wind,1914,USA
An Illness at the House,2010,Australia
An Illusion in Red & White,2014,USA
An Illustrated Silence,2013,UK
An Image,,USA
An Image of the Past,1915,USA
An Image to My Mind,1974,Denmark
An Imaginary Elopement,1911,USA
An Imaginary Life,2007,Australia
An Imaginary Love Scene,1902,UK
An Immaculate Conception,2012,USA
An Immigrant Girl's Journey,2008,USA
An Immigrant's Guide to Britain,2015,UK
An Immortal Man,2014,USA
An Immortal Tale,2010,USA
An Immortal Telescope: The Story of R.S. Newall Refractor,2016,Greece
An Imp Romance,1913,USA
An Impartial Lover,1903,USA
An Imperfect Solution: A Tale of the Re-Animator,2003,USA
An Imperfection,2015,Canada
An Imperfection,2015,Sri Lanka
An Implantable, Artificial Kidney,2013,USA
An Important Message,2016,USA
An Important Question,2015,USA
An Important Role Working with Animals,1991,UK
An Impossible Mission: Ivory Coast Elephant Rescue,2014,USA
An Impossible Mission: Ivory Coast Elephant Rescue,2014,Ivory Coast
An Impotent Metaphor,1979,USA
An Impression of John Steinbeck: Writer,1969,USA
An Impression of Piet Mondrian's New York Studio and His Last Painting,1944,USA
An Impromptu Can-Can at the Chorus Girls' Picnic,1898,USA
An Impromptu Hairdresser,1900,USA
An Improvised Life...,2008,USA
An Inaccurate Distance,2014,Italy
An Inappropriate Affect,2013,USA
An Inappropriate Affect,2015,USA
An Inaugural Ride to Freedom,2009,USA
An Inaugural Ride to Freedom: The Journey Continues,,USA
An Incestuous Affair,2016,USA
An Inch,2014,South Africa
An Inch Away,2011,USA
An Inch Without Asphalt,2007,USA
An Inch of Pain,2015,Canada
An Inch of Pain,2015,France
An Inch of Pain,2015,UK
An Incident Near Falaise,1997,USA
An Incident at Bob's Barber Shop,1994,Ireland
An Incident at Bridgeville,2005,USA
An Incident in San Ysidro,2013,USA
An Incident in the Boer War,1900,UK
An Incident on Brighton Pier,1900,UK
An Incident on Christmas Eve,2013,USA
An Incidental Kill,1987,USA
An Incompetent Hero,1914,USA
An Incomplete History of Pornography, 1979,2013,USA
An Incomplete History of the Travelogue, 1925,2012,USA
An Incomplete History of the Travelogue, 1925,2012,Netherlands
An Incomplete History of the Travelogue, 1925,2012,Spain
An Incomplete History of the Travelogue, 1925,2012,UK
An Incomplete History of the Travelogue, 1925,2012,Algeria
An Incomplete History of the Travelogue, 1925,2012,Italy
An Incomplete Killing,2014,UK
An Incomplete List of Things We Left Behind on the Moon,2012,USA
An Inconsistent Truth,2012,USA
An Inconvenient Affair,2004,USA
An Inconvenient Egg,2006,USA
An Inconvenient Fish,2010,USA
An Inconvenient Future,2014,USA
An Inconvenient Game,2008,Germany
An Inconvenient Head,2008,USA
An Inconvenient Infant,1925,UK
An Inconvenient Path,2011,USA
An Inconvenient Penguin,2008,USA
An Inconvenient Penguin Death March,2007,Canada
An Inconvenient Sequel,2017,USA
An Inconvenient Stay,2015,USA
An Inconvenient Tax,2011,USA
An Inconvenient Tooth,2012,USA
An Inconvenient Tooth,2014,UK
An Inconvenient Truth,2006,USA
An Inconvenient Truth 2,2012,UK
An Inconvenient Youth,2012,Canada
An Inconvenient Youth,2012,Mexico
An Inconvenient Youth,2012,Nepal
An Inconvenient Youth,2012,Denmark
An Inconvenient Youth,2012,Japan
An Inconvenient Youth,2014,Canada
An Inconvenient Youth,2014,Japan
An Inconvenient Youth,2014,Mexico
An Inconvenient Youth,2014,Nepal
An Incredibly Hostile Universe,2012,USA
An Indecent Exposure,2012{{SUSPENDED}},USA
An Indecent Obsession,1985,Australia
An Indefinite Meandering of Words Left Unsaid,2008,USA
An Independent Declaration of Norway,2012,Norway
An Independent Portrait,2006,USA
An Independent Woman,1915,USA
An Indeterminate Holiday,2009,USA
An Index of Metals,2003,Italy
An Indexed Moment,2010,USA
An Indian Brave's Conversion,1911,USA
An Indian Day,1968,India
An Indian Diamond,1915,USA
An Indian Doll's House,,UK
An Indian Don Juan,1913,USA
An Indian Eclipse,1914,USA
An Indian Girl's Love,1910,USA
An Indian Hero,1911,USA
An Indian Idyl,1912,USA
An Indian Ishmael,1912,USA
An Indian Journey,1971,India
An Indian Legend,1911,USA
An Indian Legend,1912,USA
An Indian Love Story,1908,USA
An Indian Love Story,1911,USA
An Indian Love Story,1919,USA
An Indian Maid's Strategy,1913,USA
An Indian Maid's Vengeance,1916,USA
An Indian Maid's Warning,1913,USA
An Indian Maiden's Choice,1910,USA
An Indian Martyr,1911,USA
An Indian Named Joe,2009,Italy
An Indian Named Joe,2009,Germany
An Indian Nemesis,1911,USA
An Indian Nemesis,1913,USA
An Indian Never Forgets,1912,USA
An Indian Outcast,1912,USA
An Indian Story,1981,India
An Indian Summer,1912,USA
An Indian Sunbeam,1912,USA
An Indian Thing,2015,Australia
An Indian Trapper's Prize,1911,USA
An Indian Vendetta,1912,UK
An Indian Vestal,1911,USA
An Indian Wife's Devotion,1909,USA
An Indian's Ambition,1911,USA
An Indian's Appreciation,1911,USA
An Indian's Bride,1909,USA
An Indian's Elopement,1910,USA
An Indian's Friendship,1907,USA
An Indian's Friendship,1912,USA
An Indian's Gratitude,1910,USA
An Indian's Gratitude,1912,USA
An Indian's Gratitude,1913,USA
An Indian's Honor,1908,USA
An Indian's Honor,1913,USA
An Indian's Honor,1914,USA
An Indian's Love,1911,USA
An Indian's Loyalty,1913,USA
An Indian's Pride,1911,USA
An Indian's Romance,1908,UK
An Indian's Sacrifice,1911,USA
An Indian's Test,1910,USA
An Indiana Farm to Fork Celebration: The Joseph Decuis Story,2012,USA
An Indiana Farm to Fork Celebration: The Joseph Decuis Story,2012,Japan
An Indiscreet Incident on Yotha Street,2012,Thailand
An Individual Desires Solution,2001,USA
An Infamous Son,1911,France
An Infernal Tangle,1913,USA
An Infinity of Mirrors,2007{{SUSPENDED}},USA
An Ingenious Revenge,1908,UK
An Ingenious Safe Deposit,1909,UK
An Inherent Incident of Deja Vu,2012,USA
An Inherited Life,2016,USA
An Inhuman Father,1907,UK
An Injury to One,2002,USA
An Inner Body Experience,2010,USA
An Innocent Adventuress,1919,USA
An Innocent Affair,1948,USA
An Innocent Beat,2013,Japan
An Innocent Bridegroom,1913,USA
An Innocent Burglar,1911,USA
An Innocent Burglar,1915,USA
An Innocent Child,2008,USA
An Innocent Conspiracy,1913,USA
An Innocent Conspirator,1903,USA
An Innocent Crook,1916,USA
An Innocent Delilah,1914,USA
An Innocent Family,2012,USA
An Innocent Grafter,1912,USA
An Innocent Hell,2011,USA
An Innocent Informer,1913,USA
An Innocent Kidnapper,1915,USA
An Innocent Lesson,2007,USA
An Innocent Love,1982,USA
An Innocent Magdalene,1916,USA
An Innocent Man,1989,USA
An Innocent Man?,2012,Australia
An Innocent Man? Sgeulachd Oscar Slater,2012,UK
An Innocent Obsession,1989,USA
An Innocent Offender,1913,France
An Innocent Sinner,1915,USA
An Innocent Theft,1912,USA
An Innocent Thief,1914,UK
An Innocent Thief,1915,USA
An Innocent Traitor,1915,USA
An Innocent Vampire,1916,USA
An Innocent Victim,1898,USA
An Innocent Victim,1912,Italy
An Innocent Victim,1914,USA
An Innocent Villain,1915,USA
An Innocent Villain,1917,USA
An Innocent Violent Encounter,,USA
An Innocent Woman,1991,USA
An Inquiry of Love,2015,USA
An Inquisitive Girl,1907,USA
An Insane Laugh Aka Mehak,2004,UK
An Inside Job,1922,USA
An Inside Job,1987,Ireland
An Inside Tip,1915,USA
An Insignificance,2008,USA
An Insignificant Harvey,2011,Canada
An Insignificant Man,2012,Canada
An Insignificant Man,2016,India
An Insignificant Man,2016,Netherlands
An Insomniac's Nightmare,2003,USA
An Inspector Calls,1948,UK
An Inspector Calls,1954,UK
An Inspector Calls,2006,Germany
An Inspector Calls,2015,UK
An Inspector Stalls,2013,UK
An Instant,2003,Japan
An Instrument in His Hands,2012,USA
An Instrument of Justice,2012,Canada
An Insurance Fraud,1919,UK
An Insurgent Band in Cover,1904,UK
An Intelligent Camera,1912,USA
An Intelligent Elephant,1904,USA
An Intelligent Woman,1991,Canada
An Intercepted Getaway,1914,USA
An Intercepted Vengeance,1915,USA
An Interesting Day at the Royal Mint,1905,UK
An Interesting Story,1904,UK
An Interior Cyclone,1908,Italy
An International Heart Breaker,1911,USA
An International Love Story,2011,USA
An International Marriage,1916,USA
An International Romance,1912,USA
An International Sneak,1917,USA
An Internet World,2011,USA
An Interrogation,2015,USA
An Interrupted Bath,1908,UK
An Interrupted Breakfast,1898,USA
An Interrupted Courtship,1910,USA
An Interrupted Courtship,1910,USA
An Interrupted Crap Game,1899,USA
An Interrupted Divorce,1916,Australia
An Interrupted Elopement,1911,USA
An Interrupted Elopement,1912,USA
An Interrupted Flight,2015,Armenia
An Interrupted Flirtation,1904,USA
An Interrupted Game,1911,USA
An Interrupted Game of Nap in Camp,1900,UK
An Interrupted Honeymoon,1904,USA
An Interrupted Honeymoon,1905,UK
An Interrupted Honeymoon,1910,USA
An Interrupted Kiss,1898,USA
An Interrupted Nap,1914,USA
An Interrupted Picnic,1898,UK
An Interrupted Rehearsal; or, Murder Will Out,1901,UK
An Interrupted Sitting,1898,USA
An Interrupted Story,2012,UK
An Interrupted Suicide,1913,USA
An Interrupted S�ance,1914,USA
An Interrupted Wedding,1912,USA
An Intervention,2011,USA
An Intervention,2016,USA
An Interview,2016,South Korea
An Interview with Afghanistan's First Female Governor: Dr. Habiba Sorabi,2010,USA
An Interview with Afghanistan's First Female Governor: Dr. Habiba Sorabi,2010,Afghanistan
An Interview with Aharon Keshales & Navot Papushado,2013,UK
An Interview with Batman,2014,UK
An Interview with Bob Cobbing,2008,USA
An Interview with Dennis Potter,1994,UK
An Interview with Director Spike Jonze,2000,USA
An Interview with Director of Photography, Masahide Iioka,2009,USA
An Interview with Doctor Paul McAndrews,2001,USA
An Interview with Dustin Hoffman: The Making Moments of Kramer vs. Kramer,1980,USA
An Interview with Esther Morfeen,2013,USA
An Interview with Father Peter Jones,2014,UK
An Interview with Gillian Hills,2016,UK
An Interview with God,2017,USA
An Interview with Grit,2016,USA
An Interview with John Ottman,2002,USA
An Interview with Jon Klassen,2013,USA
An Interview with Jos� Luis Merino,2009,Spain
An Interview with Jos� Luis Merino,2009,USA
An Interview with Julie Fogliano,2013,USA
An Interview with Kim Longinotto,2016,UK
An Interview with Lech Walesa,2013,USA
An Interview with Mahri Shelton,2012,USA
An Interview with Max Ernst,2009,USA
An Interview with Neil Patrick Harris,2005,USA
An Interview with Paul Naschy,2009,Spain
An Interview with Paul Naschy,2009,USA
An Interview with Ranger Guss,2009,USA
An Interview with Richard Curtis,2001,UK
An Interview with Richard Hell by Luc Sante: The Making of Blank Generation,2010,USA
An Interview with Steven Bochco,2005,USA
An Interview with Toby Roberts,2005,UK
An Interview with Todd MacFarlane,2003,Canada
An Interview with an Ad Man and an Astronaut,2016,USA
An Interview with an Artist,2011,Germany
An Interview with the Makers of Death of a President,2006,USA
An Interview with the Owl and the Pussycat,2014,UK
An Intimacy,2013,USA
An Intimacy,2013,UK
An Intimate Affair with Gina Lynn,2005,USA
An Intimate Conversation with Josh Hartnett and Lucy Liu,2006,USA
An Intimate Dance: Journeys Through Movement and Touch,2016,USA
An Intimate Dinner in Celebration of Warner Bros. Silver Jubilee,1930,USA
An Intimate Friendship,2000,USA
An Intimate Interlude,1928,UK
An Intimate Look Inside the Acting Process with Ice Cube,1999,USA
An Intimate Look at Director Alejandro Amen�bar,2002,USA
An Intimate Look at the Making of Hope Springs,2012,USA
An Intimate Music Session with Vera Gough,2008,USA
An Intimate Portrait of a Jobbing Zombie Family,2014,UK
An Intimate Portrait of the Art of Background Driving,2000,USA
An Intimate Study of a Mole,1913,USA
An Intrigue,1911,France
An Intrigue in the Harem,1899,USA
An Intrigue of Manners,2001,Canada
An Intro to Cooperative Living,2016,USA
An Introduction to 'Me and You and Everyone We Know' by Miranda July,2006,UK
An Introduction to African Cinema,2005,UK
An Introduction to Arnold P. Wesker,2001,USA
An Introduction to Dating? the Movie,2011,USA
An Introduction to I.F.F.,1959,Canada
An Introduction to Indie Film Technique,2011,USA
An Introduction to Jet Engines,1959,Canada
An Introduction to Kundalini Yoga and Chanting: Volume One,2003,USA
An Introduction to Mining Electronics,1977,UK
An Introduction to NUTMEG,1963,Canada
An Introduction to OCD,2013,UK
An Introduction to Online Investing,2000,USA
An Introduction to Physics,2009,USA
An Introduction to Quartertone Trumpet,2014,USA
An Introduction to Special Effects,2011,USA
An Introduction to Victim Narratives,2016,UK
An Introduction to the Church of Jesus Christ of Latter-Day Saints,2002,USA
An Introduction to the Four Agreements,2013,USA
An Introduction to the Ketogenic Diet,1994,USA
An Introduction to the New Humourists,2005,Canada
An Introduction to the Schnelling 3000,2013,USA
An Introduction: Pioneers of African-American Cinema,2016,USA
An Introductory Guide to Wine,2007,USA
An Intruder in Mind,2016,UK
An Invasion of Privacy,1983,USA
An Invention Called Childhood,1973,UK
An Inverted Affair,2016,USA
An Invisible Army,2017,USA
An Invisible Constant,2014,USA
An Invisible Man,,USA
An Invisible Sign,2010,USA
An Invisible Wall,2014,UK
An Invitation,2015,Italy
An Invitation and an Attack,1915,USA
An Invited Guest,1999,USA
An Invocation,2012{{SUSPENDED}},India
An Iranian Odyssey,2010,UK
An Iranian in Paris,2014,France
An Iraqi Lullaby for Children Who Are About to Die,2004,USA
An Irish Christmas: A Musical Celebration,1988,Ireland
An Irish Citizen,2013,UK
An Irish Evening: Live at the Grand Opera House, Belfast,1991,UK
An Irish Exorcism,2013,Ireland
An Irish Eye on Provence,2010,France
An Irish Father,2016,Ireland
An Irish Girl's Love,1912,USA
An Irish Hero,1909,USA
An Irish Honeymoon,1911,USA
An Irish Jig at Dooagh, Achill Island, Ireland,1905,USA
An Irish Luncheon,1903,USA
An Irish Mother,1928,Ireland
An Irish Peasant Scene: Feeding Pigs,1899,UK
An Irish Stag Hunt,1902,UK
An Irish Story,2016,Ireland
An Irish Story,2016,UK
An Irish Tale,2014,USA
An Irish Vampire in Hollywood,2007,Ireland
An Irish Vampire in Hollywood,2007,USA
An Ironclad,1899,UK
An Ironic Epic of Heroism,2007,USA
An Irrelevant Story,2013,India
An Is That Isn't Always,2016,USA
An Islamic Conscience: The Aga Khan and the Ismailis,2007,UK
An Islamic Conscience: The Aga Khan and the Ismailis,2007,Canada
An Island,1996,Serbia and Montenegro
An Island,2011,Denmark
An Island Calling,2009,New Zealand
An Island Comedy,1911,USA
An Island Legacy Edge Closer,2013,Isle of Man
An Island Romance,1913,UK
An Island in Ruin,2015,UK
An Island in the Sun,2017,USA
An Island's Legacy: Preparing for TT,2007,UK
An Island's Legacy: TT Entertainment,2007,UK
An Isle in the Baltic Sea,1913,Denmark
An Israeli Actor in Israel,2013,USA
An Italian Affair,2004,USA
An Italian Christmas with Mario and Giada,2004,USA
An Italian Diaspora: Journey Through the Generations,2014,UK
An Italian Lake,1912,Italy
An Italian Love Story,1909,USA
An Italian Romance,1912,USA
An Italian Take-out,2000,USA
An Italian's Gratitude,1911,USA
An Itch in Time,1943,USA
An Item,2016,UK
An Itinerant Wedding,1913,USA
An Jowl yn Agas Kegin,2007,UK
An Jung-Gun Shoots Ito Hirobumi,,North Korea
An L.A. Minute,2017,USA
An LA Story,2012,USA
An Lae Ar An Mhargaid,2012,Ireland
An Lbrosfilm Christmas Carol,2011,USA
An Leabhar,2000,Ireland
An Mitsuki best 8-jikan,2012,Japan
An Mitsuki final: 16-nin no bakuny� mania ga toru 230-bun - Hentai ni natta watashi,2009,Japan
An Mitsuki no gy�retsu no dekiru paizuri-ya-san,2007,Japan
An Na yu wu lin,2003,Hong Kong
An Nam Nesis,2014,Canada
An Oasis in the Sahara Desert,1911,France
An Oasis of Hope,1980,India
An Object at Rest,2015,USA
An Obsession with Hamlet,2009,Australia
An Obsolete Altar,2013,India
An Obstacle Race,1902,USA
An Obstinate Cork,1902,UK
An Obstinate Sheriff,1915,USA
An Obstinate Tooth,1908,USA
An Obvious Moment of Happiness,2003,USA
An Obvious Situation,1930,UK
An Obvious Suspect,2015,USA
An Occasional Hell,1996,USA
An Occasional Hell,2015,USA
An Occupied Country,2014,Australia
An Occurrence at Black Canyon,2004,USA
An Occurrence at Chihuahua City,2008,USA
An Occurrence at Owl Creek Bridge,2005,USA
An Occurrence at Owl Creek Street,2007,USA
An Occurrence in Owl Creek Alley,2013,Canada
An Occurrence in Visual Art,2012,Italy
An Occurrence on Highway 53,2015,Canada
An Occurrence on the Pier,2011,USA
An Ocean Apart,2004,USA
An Ocean Away,2016,USA
An Ocean Mystery: The Missing Catch,2016,USA
An Ocean Mystery: The Missing Catch,2016,Bahamas
An Ocean Mystery: The Missing Catch,2016,Canada
An Ocean Mystery: The Missing Catch,2016,Honduras
An Ocean Mystery: The Missing Catch,2016,Senegal
An Ocean View,,Ireland
An Ocean between Us,2016,Ecuador
An Ocean to Ocean Walk on the American Discovery Trail,2011,USA
An Odd Fish,2013,Hong Kong
An Odd Freak,1916,UK
An Odd Freak,1923,UK
An Odd Little Opus,2011,UK
An Odd Pair of Limbs,1908,USA
An Oddity,2010,USA
An Ode to Ali Boulala,2013,USA
An Ode to Angeline,2014,USA
An Ode to Brian Anderson,2015,USA
An Ode to Canada,2011,USA
An Ode to Canada,2011,Canada
An Ode to Demons,2011,USA
An Ode to Frost,2006,USA
An Ode to Geoff Rowley,2014,USA
An Ode to Hannibal Buress,2016,USA
An Ode to Kino,2015,Ireland
An Ode to Love,2014,Ireland
An Ode to Modern Democracy and the Hairdresser,2009,UK
An Ode to Mona,2016,Canada
An Ode to Valour,2009,Canada
An Ode to the Flatland,2014,Serbia
An Ode to the Writer,2002,USA
An Odyssey of the North,1914,USA
An Off-Beats Valentine's,1999,USA
An Offer,2008,Canada
An Offer You Can't Refuse,2015,USA
An Offering of Light,2017,UK
An Offering of Light,2017,Spain
An Office Phone Call,2016,USA
An Office Romance,2010,USA
An Office to Remember: Shredder Love,2013,USA
An Officer and a Duck,1985,USA
An Officer and a Gentleman,1911,USA
An Officer and a Gentleman,1914,USA
An Officer and a Gentleman,1982,USA
An Officer and a Gentleman: 25 Years Later,2007,USA
An Officer and a Murderer,2012,Canada
An Officer and a Yentlman,2002,USA
An Officer's Miss,1917,USA
An Official Lapse,1915,France
An Oil-Can Romeo,1920,USA
An Oily Scoundrel,1916,USA
An Okay Place to Eat,2010,USA
An Oklahoma Cowboy,1929,USA
An Old Actor,1913,USA
An Old Appointment,1912,USA
An Old Bachelor,1904,USA
An Old Box,1975,Canada
An Old Chinese Proverb: One Picture Is Worth Ten Thousand Words,1946,USA
An Old Chinese Woman Spinning,1900,UK
An Old City Speaks,1932,USA
An Old Coat Story,1907,UK
An Old Dog's Diary,2015,India
An Old Dream,2013,USA
An Old Fashioned Boy,1920,USA
An Old Fashioned Christmas,2010,Ireland
An Old Fashioned Christmas,2010,USA
An Old Fashioned Christmas,2010,Canada
An Old Fashioned Elopement,1912,USA
An Old Fashioned Girl,1912,USA
An Old Fashioned Love Story: Making 'The Bridges of Madison County',2008,USA
An Old Fashioned Sweetheart of Mine,1923,USA
An Old Fashioned Thanksgiving,1961,USA
An Old Fashioned Thanksgiving,2008,Canada
An Old Fashioned Thanksgiving,2008,USA
An Old Fashioned Way of Pulling a Tooth,1902,USA
An Old Fashioned Young Man,1917,USA
An Old Flame,1927,USA
An Old Flame,1930,USA
An Old Flame,2016,Australia
An Old Gypsy Custom,1934,USA
An Old Hope,2009,USA
An Old Lady of Twenty,1912,USA
An Old Locket,1914,USA
An Old Love Letter,1912,USA
An Old Maid's Darling,1905,UK
An Old Maid's Deception,1913,USA
An Old Maid's Love,1913,Denmark
An Old Man & Little Boy,2004,Iran
An Old Man,2016,India
An Old Man's Bride,1909,USA
An Old Man's Folly,1911,USA
An Old Man's Folly,1916,USA
An Old Man's Gold,2012,USA
An Old Man's Love Story,1913,USA
An Old Man's Tear,1970,Australia
An Old Photograpgh,2016,Turkey
An Old Recipe,2006,USA
An Old Romance,1912,France
An Old Salt's Tale,2016,USA
An Old Silver Mine in Peru,1910,USA
An Old Soldier's Romance,1917,USA
An Old Spanish Custom,1932,USA
An Old Spanish Onion,1935,USA
An Old Spark,,UK
An Old Squaw on the Trail,1903,USA
An Old Story,1964,Belgium
An Old Story with a New Ending,1910,USA
An Old Sweetheart of Mine,1911,USA
An Old Sweetheart of Mine,1923,USA
An Old Time Music Hall,1929,UK
An Old Time Nightmare,1911,USA
An Old Town,2011,USA
An Old Toymaker's Dream,1913,UK
An Old Tune,1912,USA
An Old Wife's Tale,1998,South Africa
An Old World Garden,1929,UK
An Old, Old Song,1913,USA
An Old-Fashioned Girl,1915,USA
An Old-Fashioned Girl,1916,USA
An Old-Fashioned Girl,1949,USA
An Old-Fashioned Mother,1912,USA
An Old-Time Country Christmas,1969,USA
An Omar Broadway Film,2008,USA
An Omelette for Claire,2009,USA
An Omnivorous Family's Dilemma,2014,South Korea
An Online Affair,,USA
An Opal Ring,1915,USA
An Open Door,2006,USA
An Open Door,2006,USA
An Open Door: Jewish Rescue in the Philippines,,USA
An Open Hand,1990,USA
An Open Letter,2012,USA
An Open Letter to Dominic,2014,UK
An Open Letter to Neil DeGrasse Tyson Regarding the Flat Earth,2016,UK
An Open Letter to Snapple,2009,USA
An Open Letter to Uncle Edgar,,Australia
An Open Marriage,2010,Canada
An Open Mic Show,2016,USA
An Open Mind,2012,USA
An Open Mouth,2011,USA
An Open Secret,2014,USA
An Open Secret,2014,USA
An Open Wound: Making Prisoners of War,2014,USA
An Opened Door : Voices on Native American Culture,2015,USA
An Opening,2015,USA
An Opening in the Clouds,2013,UK
An Opening to Closure,2014,Philippines
An Opera Prepares: Eugene Onegin,1981,Australia
An Opera of Sorts,1999{{SUSPENDED}},USA
An Opera of Violence,2003,UK
An Opportune Burglar,1912,USA
An Opportunity,1976,India
An Optical Poem,1938,USA
An Optimist in Andalusia,2011,France
An Oracular Occurrence After a Busking Session in Central Park,2014,USA
An Oral History of Islam in Pittsburgh,2008,USA
An Oration,1897,USA
An Orchestra,2010,USA
An Orchestra in Search of a Home,2016,Philippines
An Orchestral Tribute to the Beatles,1983,UK
An Order of Fish,1921,USA
An Ordinary Couple,2017,USA
An Ordinary Day,2008,Netherlands
An Ordinary Day,2010,USA
An Ordinary Day,2014,Taiwan
An Ordinary Day,2015,USA
An Ordinary Day,2016,UK
An Ordinary Family,2005,Sweden
An Ordinary Family,2011,USA
An Ordinary Hero: The True Story of Joan Trumpauer Mulholland,2013,USA
An Ordinary Killer,2003,USA
An Ordinary Life,2011,USA
An Ordinary Life,2012,UK
An Ordinary Love Story,2012,Thailand
An Ordinary Man,2011{{SUSPENDED}},USA
An Ordinary Man,2012,USA
An Ordinary Man,2017,USA
An Ordinary Man,2017,Serbia and Montenegro
An Ordinary Midnight Stroll,2012,France
An Ordinary Morning,2013,Italy
An Ordinary Opinion,,Japan
An Ordinary Person,2009,New Zealand
An Ordinary Rape,1992,USA
An Ordinary Runner,2016,USA
An Ordinary Spy,,USA
An Ordinary Sunday,2010,Australia
An Ordinary Woman,1988,Australia
An Ordinary Woman,2009,USA
An Ordinary, Beautiful Family,2016,Taiwan
An Oregonian Niagara,1917,USA
An Organ Novelty,1940,USA
An Organization of Dreams,2009,UK
An Orgy of Exes,2010,USA
An Oriental Cocktail,1932,USA
An Oriental Highway,1901,USA
An Oriental Lady,1994,USA
An Oriental Romance,1915,USA
An Oriental Romeo,1919,USA
An Oriental Sing Sing,1920,USA
An Original Photocopy of Happiness,2011,Bhutan
An Ornament of Faith,2013,Japan
An Ornament of Faith,2013,USA
An Orphan of War,1913,USA
An Orphan's Conquest,1913,Denmark
An Orphan's Dream,2009,Canada
An Orphan's Gift,2005,USA
An Orphan's Plight,1911,USA
An Orphan's Romance,1913,USA
An Other Person,2014,Greece
An Otter Study,1912,UK
An Ounce of Mother,2010,USA
An Ounce of Pink,1965,USA
An Out of Body Screw Over,2014,Canada
An Outcast Among Outcasts,1912,USA
An Outcast's Christmas,1909,Denmark
An Outlaw Yet a Man,1912,UK
An Outlaw's Alibi,1919,USA
An Outlaw's Honor,1915,USA
An Outpost of Progress,1982,USA
An Outrage,2016,USA
An Outside Force,2014,USA
An Outsider,2014,UK
An Outstanding Performer,2011,UK
An Ovechkin Ovation: Alex's Greatest Goals,2009,USA
An Over-Incubated Baby,1901,UK
An Overall Hero,1920,USA
An Overall Outing,1913,USA
An Overdose of Love Potion,1907,UK
An Overful Seat,1898,UK
An Overloaded Donkey,1898,USA
An Oversimplification of Her Beauty,2012,USA
An Owl Is an Owl Is an Owl,1990,France
An Ox's Tale: The John Entwistle Story,2006,USA
An Oyster in Winter,2010,USA
An Ozark Romance,1918,USA
An Paiste Beo Bocht,2009,Ireland
An Rac�n,2008,Ireland
An Ranger,2008,Ireland
An Rinceoir,2011,Ireland
An SNL Valentine,2015,USA
An Saileach,2012,Ireland
An Saileach,2012,UK
An Saol Beo,1974,Ireland
An Sgoth,1995,UK
An Sonnigen Gestaden,1925,Germany
An Sooy e Bonbast,2012,Iran
An Tae,2013,Ireland
An Tain,1988,Ireland
An Tain Darkness Descends,2011,Ireland
An Teanga,2007,Ireland
An Teanga Runda,2006,Ireland
An Tine Bheo,1966,Ireland
An Toileanach a Dfhill,1970,Ireland
An Tong,2011,China
An Tutulmasi,2014,Turkey
An T�stal,2008,Ireland
An Uber Bad Day,2016,USA
An Umbrella,2012,Latvia
An Umbrella for Director,2002,Iran
An Unapologetic Apathet,,USA
An Unappeeling Journey,2016,USA
An Unbalanced Line,2017,USA
An Unbearable Day,2007,USA
An Unbelievable Life: The Launch Event,2010,Australia
An Unbelievably True Story,2011,Australia
An Unbending People,2011,USA
An Uncanny Original: In Memory of Captain Stevens,2016,USA
An Uncanny Original: No New, Is Good News,2015,USA
An Uncertain Bill of Health,2014,USA
An Unclouded Day,2007,USA
An Uncomfortable Conversation About Race,2017,USA
An Uncommon Crusader,2010,USA
An Uncommon Curiosity: At Home and in Nature with Bernd Heinrich,2010,USA
An Uncommon Grace,2017,USA
An Uncommon Kindness: The Father Damien Story,2006,USA
An Uncommon King,2011,Canada
An Uncommon King,2011,Japan
An Uncommon King,2011,France
An Uncommon King,2011,Singapore
An Uncommon King,2011,Nepal
An Uncommon King,2011,Germany
An Uncommon King,2011,UK
An Uncommon King,2011,India
An Uncommon King,2011,USA
An Uncommon King,2011,Taiwan
An Uncommon King,2011,China
An Uncommon Love,1983,USA
An Uncommon Union: The Life and Love of Sarah and Jonathan Edwards,2004,USA
An Uncommon Wager: The Making of 'The Bet',2007,USA
An Uncommonly Harmonious Relationship,2014,USA
An Uncontrollable Desire,1998,USA
An Unconventional Love Story,2010,USA
An Unconventional Love Story,2010,Canada
An Unconventional Love Story: The Making of Last Chance Harvey,2009,USA
An Undead Story,2014,USA
An Undeniable Voice,2016,USA
An Undertaking,2011,Canada
An Underwater Romance,1937,USA
An Undesirable Suitor,1914,USA
An Undocumented Salvation,2017,USA
An Uneven Keel,1909,France
An Unexamined Death Is Not Worth Dying,2003,USA
An Unexpected Date,2016,India
An Unexpected Encounter: Sex with a Stranger,2016,USA
An Unexpected Family,1996,USA
An Unexpected Family,1996,Canada
An Unexpected Family: Story from a Slum,2010,Brazil
An Unexpected Family: Story from a Slum,2010,UK
An Unexpected Family: Story from a Slum,2010,Canada
An Unexpected Family: Story from a Slum,2010,Kenya
An Unexpected Farewell,2015,Sweden
An Unexpected Fortune,1912,USA
An Unexpected Friend,1910,France
An Unexpected Guest,1909,USA
An Unexpected Harvest,2017,UK
An Unexpected Hero,1928,USA
An Unexpected Journey,2015,USA
An Unexpected Knock,2011,USA
An Unexpected Knockout,1901,USA
An Unexpected Life,1998,USA
An Unexpected Love,2003,USA
An Unexpected Love,2003,Canada
An Unexpected Meeting,1913,USA
An Unexpected Night,2015,USA
An Unexpected Party,2013,Canada
An Unexpected Party: Bag End,2013,USA
An Unexpected Rendezvous,2009,USA
An Unexpected Review,1911,USA
An Unexpected Romance,1915,USA
An Unexpected Santa Claus,1908,USA
An Unexpected Servant,1910,France
An Unexpected Surgery,2012,UK
An Unexpected Visit; or, Our Flat,1899,UK
An Unexpected Visitor,2010,Italy
An Unexpected Visitor,2014,USA
An Unexpected Win: Title IX and the Pinckney Pirates,2015,USA
An Unexplained Murder,2006,USA
An Unfair Exchange,1913,USA
An Unfair Game,1910,USA
An Unfair Love Affair,1916,Ireland
An Unfaithful Wife,2012,USA
An Unfaithful Wife,2012,Singapore
An Unfamiliar Place,,USA
An Unfathomable Friendship,2003,USA
An Unfinished Affair,1996,USA
An Unfinished Country,,USA
An Unfinished DREAM,2010,USA
An Unfinished Film, for My Daughter Somayeh,2015,Iran
An Unfinished Film, for My Daughter Somayeh,2015,Canada
An Unfinished Film, for My Daughter Somayeh,2015,Germany
An Unfinished Film, for My Daughter Somayeh,2015,Iraq
An Unfinished Film, for My Daughter Somayeh,2015,Sweden
An Unfinished Film, for My Daughter Somayeh,2015,Turkey
An Unfinished History,,USA
An Unfinished Life,2005,USA
An Unfinished Life,2005,Germany
An Unfinished Life in Search of Derrick Thomas,2015,USA
An Unfinished List,2011,USA
An Unfinished Romance,2009,Australia
An Unforeseen Complication,1911,USA
An Unforeseen Introduction,1911,France
An Unforgettable Autumn,1977,Soviet Union
An Unforgettable Autumn,1977,Mongolia
An Unforgettable Day,2015,South Korea
An Unforgettable Dream,2007,Canada
An Unforgettable Night,2011,USA
An Unfortunate Bathe,1908,UK
An Unfortunate Friday the 13th,2009,Ireland
An Unfortunate Friday the 13th Part 2,2011,Ireland
An Unfortunate Friday the 13th Part 3,2012,Ireland
An Unfortunate Friday the 13th Part 4,2012,Ireland
An Unfortunate Friday the 13th Part V,2016,Ireland
An Unfortunate Friday the 13th Part VI,2016,Ireland
An Unfortunate Idea,1914,USA
An Unfortunate Mistake,1908,UK
An Unfortunate Name,2016,USA
An Unfortunate Shortage of Pets,2013,UK
An Unfortunate Stabbing,2014,USA
An Unfortunate Woman,2015,UK
An Unfriendly Call,1897,UK
An Ungentlemanly Act,1992,UK
An Unheard Lament,2012,India
An Unholy Scene,2016,USA
An Unintended Documentary,2011,USA
An Unintentional Hero,1914,USA
An Uninvited Guest,1909,France
An Uninvited Guest,2014,USA
An Unjust Suspicion,1913,USA
An Unkindness of Ravens,2000,USA
An Unkindness of Ravens,,USA
An Unknown Attraction,2009,India
An Unknown Condition,2014,USA
An Unknown Country: The Jewish Exiles of Ecuador,2015,USA
An Unknown Country: The Jewish Exiles of Ecuador,2015,Ecuador
An Unknown Encounter: A True Account of the San Pedro Haunting,1997,USA
An Unknown Guest,2011,India
An Unknown Known,2011,USA
An Unknown Language,1911,USA
An Unknown Number,2016,USA
An Unlikely Act of Kindness,2015,UK
An Unlikely Hero,2012,USA
An Unlikely Obsession,2011,Canada
An Unlikely Weapon,2008,USA
An Unlucky Day,1905,UK
An Unlucky Lover,1901,USA
An Unlucky Night at the Browns,1915,UK
An Unlucky Present,1912,USA
An Unlucky Suitor,1915,USA
An Unlucky Way to Get Lucky,2015,France
An Unmarked Heart,2012,Canada
An Unmarried Woman,1978,USA
An Unmistakable Identity,,India
An Unnatural Act,1985,USA
An Unnatural Act, Part II,1987,USA
An Unofficial NFL Motion Picture Project,2018{{SUSPENDED}},Australia
An Unorthodox Week,2010,Australia
An Unpaid Ransom,1915,USA
An Unplanned Awakening,2016,USA
An Unpleasant Situation,1903,USA
An Unpolished Gem,2016,USA
An Unpredictable Plot,2016,USA
An Unpredictable Thing,2001,USA
An Unprofitable Call,1909,France
An Unprotected Female,1903,USA
An Unquiet Mind,2008,USA
An Unreal Dream: The Michael Morton Story,2013,USA
An Unreasonable Man,2006,USA
An Unredeemed Pledge,1914,USA
An Unreliable Witness,2004,USA
An Unremarkable Birth,1978,Canada
An Unremarkable Life,1989,USA
An Unromantic Maiden,1913,USA
An Unromantic Wife,1911,UK
An Unruly Charge,1911,UK
An Unsafe Place: Making 'Men of War',2016,France
An Unsatisfied Man,2015,France
An Unsatisfied Man,2015,UK
An Unseen Enemy,1912,USA
An Unseen Terror,1913,USA
An Unseen World: Making 'Prince of Persia',2010,USA
An Unselfish Guest,1908,France
An Unselfish Love,1910,USA
An Unselfish Love,1910,Canada
An Unsigned Agreement,1914,USA
An Unsinkable Skimmer,1902,USA
An Unspoken Law,2014,USA
An Unstable Reality,2016,Philippines
An Unstoppable Force: Reacher in Pursuit,2012,USA
An Unsuccessful Raid,1898,USA
An Unsuccessful Substitution,1909,USA
An Unsuitable Boy,2008,UK
An Unsuitable Job for a Woman,1982,UK
An Unsullied Shield,1913,USA
An Unsung Shiva from the Himlayas,2012,India
An Untamed State,,USA
An Untidy Package,1997,Canada
An Untimely End,2012,USA
An Untimely Love,2010,USA
An Untitled Film,1964,UK
An Untitled Life,2008,Germany
An Untitled Life,2008,Myanmar
An Untitled Love Story,,USA
An Untitled Metric System Science Fiction Adventure Story,2008,Canada
An Untitled Story About Loneliness,2012,USA
An Untold Story,2011,UK
An Untold Story of a Known Irony,2015,India
An Untold Triumph: America's Filipino Soldiers,2002,USA
An Unusual Alliance,2015,Canada
An Unusual Friend Request,2011,Pakistan
An Unusual Guest,2015,Bosnia and Herzegovina
An Unusual Meeting,2014,USA
An Unusual Sacrifice,1912,USA
An Unusual Spectacle,1903,UK
An Unusual Thing,2008,UK
An Unusually Hot Summer,2006,USA
An Unwanted Man,2014,USA
An Unwanted Mummy: A Mummy Road Show Special,2001,USA
An Unwelcome Lodger,1914,UK
An Unwelcome Santa Claus,1911,USA
An Unwelcome Visitor,1898,USA
An Unwelcome Visitor,1902,Germany
An Unwelcome Wedding Gift,1913,Denmark
An Unwelcomed Visitor,2016{{SUSPENDED}},USA
An Unwilling Burglar,1915,USA
An Unwilling Cowboy,1911,USA
An Unwilling Hero,1921,USA
An Unwilling Separation,1913,USA
An Unwilling Thief,1915,USA
An Unwise Theft,2007,UK
An Unworthy Scaffold,1971,UK
An Unwritten Chapter,1913,USA
An Unwritten Letter,1909,France
An Up-to-Date Aviator,1913,France
An Up-to-Date Cook,1914,USA
An Up-to-Date Courtship,1914,USA
An Up-to-Date Elopement,1911,France
An Up-to-Date Female Drummer,1899,USA
An Up-to-Date Lochinvar,1913,USA
An Up-to-Date Squaw,1911,USA
An Up-to-Date Studio,1903,UK
An Update with Former Vice-President Al Gore,2006,USA
An Upended Dream,2010,Canada
An Uplifting Tale,2009,USA
An Urban Myth: Incision,2015,UK
An Urban Ocean,2013,USA
An Urgent Announcement from the GCPFRC,2008,USA
An Uyghur Odyssey,2010,UK
An Uyghur Odyssey,2010,China
An Uzi at the Alamo,2005,USA
An Vertov,1998,Germany
An X-Mas Message from David X. Cohen,2003,USA
An XXXmas Sextravaganza,2010,USA
An afternoon with Paolo,2014,Canada
An alle Haushalte,2002,Germany
An alle!,1952,West Germany
An alle... an alle...,1983,East Germany
An allem ist Matuschke schuld,1988,East Germany
An das Morgengrauen,2012,Germany
An den Rand geschrieben - Rum�niendeutsche Schriftsteller im Fadenkreuz der Securitate,2010,Germany
An den vier Enden der Welt,1961,West Germany
An der Dolomitenstra�e,1952,West Germany
An der Donau, wenn der Wein bl�ht,1965,Austria
An der Donau, wenn der Wein bl�ht,1965,West Germany
An der Grenze,1990,Austria
An der Saale hellem Strande - Ein Kulturhaus erz�hlt,2010,Germany
An der Schwelle zum Leben,1958,East Germany
An der T�r,2013,Germany
An der Unstrut,1986,East Germany
An der Via Egnatia - Historisches und Heutiges �ber Stadt und Messe,1957,East Germany
An der Werra goldenen Ufern,2005,Germany
An der Weser,1927,Germany
An der Wiege des Walzerk�nigs Johann Strau�,1925,Austria
An der sch�nen blauen Donau,1926,Germany
An der sch�nen blauen Donau,1955,Austria
An der sch�nen blauen Donau,1965,Austria
An der sch�nen roten Donau,2006,Austria
An deutschen Tischen,2000,Germany
An dianav a rog ac'hanon,2014,France
An dich hab ich gedacht,1988,Austria
An die Arbeit,2009,Germany
An die Arbeit,2009,France
An die Deutsche Sprache,2006,Germany
An die Grenze,2007,Germany
An die Nationen,2016,Germany
An diesem Tag,2014,Germany
An diesen Abenden - Spiel von Sensemann und Magd,1952,Austria
An dou,2001,Hong Kong
An eheis tyhi diavaine,1988,Greece
An eheis tyhi...,1964,Greece
An einem Februarvormittag,1981,East Germany
An einem Freitag um halb zw�lf,1961,West Germany
An einem Freitag um halb zw�lf,1961,France
An einem Freitag um halb zw�lf,1961,Italy
An einem Tag im September,1969,West Germany
An einem Tag in Chile - Das Wunder von San Jos�,2011,Germany
An einem Tag in Duisburg - Todesfalle Loveparade,2011,Germany
An einem Tag in Kunduz - Der t�dliche Befehl,2011,Germany
An einem Wochenende,1967,West Germany
An einem anderen Ort,2008,Germany
An einem anderen Tag,2011,Austria
An einem ganz gew�hnlichen Tag,1966,West Germany
An el ashq wel hawa,2006,Egypt
An enez du,1993,France
An euil srey An,1972,Cambodia
An falscher Adresse,1916,Germany
An fei ta ming,2010,Hong Kong
An franz�sischen Kaminen,1962,East Germany
An heiligen Wassern,1932,Germany
An heiligen Wassern,1960,Switzerland
An heiligen Wassern,1960,West Germany
An hun qu,2014,China
An iPod in New York,2009,USA
An image writing about my Anthropology,2016,China
An immigration,2016,Australia
An immigration,2016,Iran
An imoun ekei,2004,Greece
An imoun plousios!..,1972,Greece
An inquiry Into Human Nature,2005,Norway
An irgend einem Tag,1972,West Germany
An itan mousikos,2006,Greece
An itan to violi pouli...,1984,Greece
An ixeres, paidi mou,1960,Greece
An jedem Finger zehn,1954,West Germany
An ju,1997,China
An klingenden Ufern,1948,Austria
An kubo sa kawayanan,2015,Philippines
An le zhan chang,1989,Hong Kong
An le zhan chang,1989,Philippines
An lian ni,1993,Hong Kong
An lian tao hua yuan,1992,Taiwan
An m'agapas,2006,Greece
An maogmang lugar,2014,Philippines
An mar tule,1971,Panama
An mathete tipota,1979,Greece
An meiner Seite,2012,Switzerland
An milouse i Gi,1965,Greece
An milouse to parelthon mou,1967,Greece
An no miyako,1913,Japan
An o kosmos mas evlepe mazi,1977,Greece
An ohi emeis, poioi?,2011,Greece
An oles oi gynaikes tou kosmou...,1967,Greece
An open wind,2016,India
An ordinary person,2015,Kazakhstan
An other,2015,South Korea
An o�che a gineadh m'athair,2012,Ireland
An qi er,1957,Hong Kong
An qu,1983,Hong Kong
An s' erotefto?,2003,Greece
An seh,2007,Iran
An shab ke barun amad,1967,Iran
An t-�ireannach F�in,2010,Ireland
An tOile�n,2015,Ireland
An tOile�n,2015,USA
An t� nach bhfuil l�idir,2002,Ireland
An unknown friend,2014,Serbia and Montenegro
An unknown friend,2014,Czech Republic
An ye,1986,Taiwan
An ye qiang sheng,1994,Hong Kong
An ye qiang sheng,1994,Taiwan
An zisoume tha ehoume na leme istories,2006,Greece
An' Good in the Worst of Us,1911,UK
An-Magritt,1969,Norway
An-i-mus,2014,Australia
An-nyung Thuy,2013,South Korea
An-nyung?! O-ke-seu-teu-la,2013,South Korea
An-nyung?! Orchestra,2013,South Korea
An-tici-pation: The Search for the 35th Anniversary Shadowcast, Part II,2010,USA
An...,2012,Greece
AnExchange Live at Gatsby's,2014,USA
AnOther,2007,USA
AnOther Story of Progress,2012,Sweden
Ana & Arthur,2009,Canada
Ana,1955,Brazil
Ana,1957,Japan
Ana,1967,Turkey
Ana,1967,Japan
Ana,1982,Portugal
Ana,1984,Yugoslavia
Ana,1987,Egypt
Ana,1998,Argentina
Ana,2000,Japan
Ana,2003,Mexico
Ana,2005,Argentina
Ana,2005,UK
Ana,2005,Brazil
Ana,2006,Switzerland
Ana,2007,Argentina
Ana,2007,Germany
Ana,2007,Chile
Ana,2008,Mexico
Ana,2008,Mexico
Ana,2008,Chile
Ana,2010,USA
Ana,2011,USA
Ana,2011,Norway
Ana,2012,Moldova
Ana,2013,Spain
Ana,2013,Spain
Ana,2013,Turkey
Ana,2014,Romania
Ana,2014,USA
Ana,2014,USA
Ana,2015,Canada
Ana,2015,Brazil
Ana,2015,UK
Ana,2016,Lebanon
Ana,2016,UK
Ana,2016,USA
Ana,2017,USA
Ana,2017,UK
Ana,2017,Romania
Ana,,Canada
Ana 27,2009,Spain
Ana Al-Irak,1961,Iraq
Ana Ana,2014,Norway
Ana Ana,2014,Netherlands
Ana Ana,2014,Canada
Ana Ana,2014,Egypt
Ana Arabia,2013,France
Ana Arabia,2013,Israel
Ana Badi'a Ya Wadi'a,2011,Egypt
Ana Beatriz,2008,Brazil
Ana Begins,2009,UK
Ana Bekhair,1979,West Germany
Ana Bellarosa,2016,USA
Ana Bel�n y V�ctor Manuel en vivo,1983,Spain
Ana Bel�n, prestigiosa y popular,2004,Spain
Ana Carolina - Estampado,2003,Brazil
Ana Cronia,2008,Spain
Ana El Awan,1994,Lebanon
Ana Glamour,2009,Mexico
Ana Guada,2014,Philippines
Ana Hatherly: A M�o Inteligente,2002,Portugal
Ana Is Coming Home,2016,Romania
Ana Ismi Carol,2015,Spain
Ana Ismi Carol,2015,Morocco
Ana Jahez,2008,Jordan
Ana Kadova,1913,Spain
Ana Kata 5881-A,2005,USA
Ana Lani,1941,USA
Ana Lara,2006,Mexico
Ana Lily Amirpour Likes This,2010,USA
Ana Lusa,1976,Belgium
Ana Luz,2012,Portugal
Ana Luz,2012,Belgium
Ana Maria,1958,Philippines
Ana Maria,2013,USA
Ana Maria,2016,USA
Ana Maria,2016,UK
Ana Maria,2016,Venezuela
Ana Maria in Novela Land,2015,USA
Ana Mar�a,1944,Spain
Ana Mar�a Sh�a,2003,Argentina
Ana Mendieta, Nature Inside,2015,USA
Ana Mezari,1969,Turkey
Ana Mish Fahim,2005,USA
Ana Mish Fahim,2005,Egypt
Ana Monstro,2013,Portugal
Ana Moura's Fado,2010,Portugal
Ana Nojoom bent alasherah wamotalagah,2014,Yemen
Ana Ortiz All Pink,2014,USA
Ana Ortiz: Bunny Ears,2014,USA
Ana Ortiz: Red Lingerie,2014,USA
Ana Satuta,1944,Egypt
Ana Smile,2017,USA
Ana Split,2014,USA
Ana Temnei,1995,Belgium
Ana Terra,1971,Brazil
Ana Tijoux 'Elefant',2011,USA
Ana Victoria,1970,Philippines
Ana Vidigal, Menina Limpa, Menina Suja,2011,Portugal
Ana Vieira: E O Que N�o � Visto,2011,Portugal
Ana Was Here,2005,Netherlands
Ana Was Here,2005,Uruguay
Ana Wenty Wa Sa'at Alsafar,1985,Egypt
Ana Who,1984,Australia
Ana Yurdu,2015,Turkey
Ana Yurdu,2015,Greece
Ana Zh�regi. Zhaqynda,2012,Kazakhstan
Ana al maadi,1951,Egypt
Ana al-doctor,1968,Egypt
Ana alati tahmol azouhour ila qabriha,2006,France
Ana alati tahmol azouhour ila qabriha,2006,Syria
Ana and Anthony in Love,2015,USA
Ana baria,1959,Egypt
Ana beni eversene,1964,Turkey
Ana bint min?,1953,Egypt
Ana bint nass,1951,Egypt
Ana con elisio,2015,USA
Ana de Los Angeles,2012,Peru
Ana de d�a,2017,Spain
Ana dice s�,1958,Spain
Ana dilim nerede,2012,Turkey
Ana doc,2010,Romania
Ana e a Emancipa��o da Alma,2008,Portugal
Ana el adala,1961,Egypt
Ana el hareb,1963,Egypt
Ana el hub,1954,Egypt
Ana el shark,1958,Egypt
Ana elli katalt Elhanash,1984,Egypt
Ana en la cama,2009,Spain
Ana f�tatsu,1912,Japan
Ana gibi yar olmaz,1970,Turkey
Ana hakki �denmez,1968,Turkey
Ana hasreti,1956,Turkey
Ana hasreti,1958,Turkey
Ana hitotsu,1912,Japan
Ana hurra,1958,Egypt
Ana i Josip u carskom gradu,1995,Croatia
Ana is Coming Back,2016,Romania
Ana jikake,1968,Japan
Ana kalbi,1969,Turkey
Ana kucagi,1959,Turkey
Ana manuscrito,1980,Spain
Ana ni kagi ga nai,1983,Japan
Ana ni kakeru,1969,Japan
Ana no kiba,1979,Japan
Ana o nerae,1968,Japan
Ana o nerae,1990,Japan
Ana ocagi,1977,Turkey
Ana rohy feek,2006{{SUSPENDED}},Egypt
Ana s'ana,2008,Nigeria
Ana si hotul,1981,Romania
Ana tabi keda,1938,Egypt
Ana trg,2015,Croatia
Ana voli Milovana,1977,Yugoslavia
Ana wa banati,1961,Egypt
Ana wa habibi,1953,Egypt
Ana wa hua wa hia,1964,Egypt
Ana wa ibn ammi,1946,Egypt
Ana wa inta,1950,Egypt
Ana wa kalbi,1958,Egypt
Ana wa ommi,1960,Egypt
Ana wahdi,1953,Egypt
Ana we benty wa el-houb,1972,Egypt
Ana y Bruno,2017,Mexico
Ana y Diana,1969,Mexico
Ana y Eme/Eme y Ana,2014,Argentina
Ana y Gabriel,1977,Venezuela
Ana y Manuel,2004,Spain
Ana y Mateo,2009,Argentina
Ana y V�ctor, en concierto,1988,Spain
Ana y colibr�,2004,Spain
Ana y los Davis,1994,Spain
Ana y los lobos,1973,Spain
Ana y los otros,2003,Argentina
Ana y yo,2013,Spain
Ana y yo,2013,Equatorial Guinea
Ana y�regi,1969,Turkey
Ana zanbi eh?,1953,Egypt
Ana's Choice,2009,Romania
Ana's Choice,2009,USA
Ana's Chronotope,2003,USA
Ana's House,2005,USA
Ana's Playground,2009,USA
Ana's Song,2013,Portugal
Ana's Story,2012,USA
Ana's Time,2008,USA
Ana, Where Are You?,2014,USA
Ana, Who They Pulled Out of the River,,USA
Ana, a Libertina,1975,Brazil
Ana, mon amour,2017,Romania
Ana, �d�nde est�s?,1985,Argentina
Ana-Bana,2012,Russia
Ana-Roberta,1965,Philippines
Ana.com Camen.es,2009,Spain
Ana: Portrait in Days,1996,USA
Ana: Red Holiday Stockings,2014,USA
Ana: Um Palindromo,2013,Portugal
Anaachadanam,1969,India
Anaadi Anant,1986,India
Anaagat,,Nepal
Anaahat,2004,India
Anaake,,Japan
Anaam,1992,India
Anaamika,2014,India
Anaana,2001,Canada
Anaar,1986,India
Anaarkali,2013,India
Anaavaranam,2009,India
Anaavarnam,1976,India
Anaba & Devi,2007,USA
Anaba,1966,Japan
Anabasi,1981,Italy
Anabasis,,USA
Anabazys,2007,Brazil
Anabel,1964,Spain
Anabel,2015,Spain
Anabel duerme,2000,Spain
Anabelin san,1966,Yugoslavia
Anabella,1971,Philippines
Anabelle Huggins Story: Ruben Ablaza Tragedy - Mea Culpa,1995,Philippines
Anabioza,2003,Poland
Anabolic Frolic: The Rave Experience,2009,USA
Anabolic World Sex Tour Volume 13,1997,USA
Anabolic World Sex Tour: Volume 8,1996,USA
Anabolyzer,2000,Italy
Anac ti pating,2012,Philippines
Anacaona,,Dominican Republic
Anacaona, 70 a�os despu�s,2004,Cuba
Anacapa,2010,USA
Anacardium,2001,USA
Anacbanua,2009,Philippines
Anacefax sadico 50 mg.,2005,Argentina
Anachasho: Food of the Wilds,2014,India
Anachnu Lo Levad,2011,Israel
Anachro Nation,2005,Canada
Anachronic,,USA
Anachronique,2011,Brazil
Anachronistic Capture: Motion & Stills,2012,USA
Anachronox,2001,Canada
Anachronox,2001,UK
Anachronox,2001,USA
Anachronox: The Movie,2003,USA
Anachrony,2014,Canada
Anacleto,2014,Italy
Anacleto se divorcia,1950,Mexico
Anacleto: Agente secreto,2015,Spain
Anaconda,1955,Sweden
Anaconda,1997,USA
Anaconda,1997,Brazil
Anaconda,1997,Peru
Anaconda,2005,France
Anaconda Cock Hungry Teens X,2010,USA
Anaconda Mama,2013,USA
Anaconda Targets,2004,USA
Anaconda: Giant Snake of the Amazon,1999,Canada
Anaconda: Giant Snake of the Amazon,1999,USA
Anaconda: Offspring,2008,USA
Anaconda: Offspring,2008,Romania
Anaconda: Queen of the Serpents,2010,USA
Anaconda: Silent Killer,2014,USA
Anacondas 4: Trail of Blood,2009,Romania
Anacondas 4: Trail of Blood,2009,USA
Anacondas: The Hunt for the Blood Orchid,2004,USA
Anacos,2012,Spain
Anacoustic Zones,2014,USA
Anacronia,2011,Portugal
Anacron�as,2000,Mexico
Anacrusa,1979,Mexico
Anacusis,2016,USA
Anadha Silpangal,1971,India
Anadhai Anandhan,1970,India
Anadhai Penn,1930,India
Anadhai Penn,1938,India
Anadi Khiladi,1986,India
Anadi-Dhara,1988,India
Anadia,1950,Portugal
Anadiomene,1922,Italy
Anadolu Efsaneleri: Gelin Geldi,2005,Turkey
Anadolu Kartallari,2011,Turkey
Anadolu ekspresi,1973,Turkey
Anadolu evliyalari,1969,Turkey
Anadolu kanunu,1966,Turkey
Anadolu kini,1970,Turkey
Anadolu kizi,1967,Turkey
Anadolu masallari,2016,Turkey
Anadolu soygunu,1969,Turkey
Anadolu �ocugu,1964,Turkey
Anadolu'da Romalilarin ayak sesleri,2015,Turkey
Anadolu'dan fisiltilar,2008,Turkey
Anadolu'nun Avukati,2011,Turkey
Anadolu'nun kayip sarkilari,2010,Turkey
Anadromes,1990,Greece
Anadromi,1971,Greece
Anadysi,2007,Greece
Anadysi,2007,France
Anady�menes Top�o,2015,Netherlands
Anae,1959,South Korea
Anae,1976,South Korea
Anae,1983,South Korea
Anaedeului haengjin,1974,South Korea
Anaege bachineun norae,1977,South Korea
Anaemia,2011,UK
Anaemia,2011,Ireland
Anaeneun gobaekhanda,1964,South Korea
Anaer,2015,China
Anaereul baeatgin sanai,1962,South Korea
Anaerhan,1962,China
Anaerobe,2013,USA
Anaesthesia,1938,USA
Anaesthesia,2003,Poland
Anaesthesia,2013,UK
Anaesthetic,2002,UK
Anaesthetic,2006,USA
Anaesthetics,2004,Turkey
Anaeyeo mianhada,1972,South Korea
Anafartalarda itilaf ordularinin p�sk�rt�lmesi,1915,Turkey
Anafema,1962,Soviet Union
Anafim Shvurim,2014,Israel
Anafora sto Steinberg,1983,Greece
Anaganaga O Dheerudu,2011,India
Anaganaga O Kurraadu,2003,India
Anaganaga Oka Ammayi,1999,India
Anaganaga Oka Roju,1997,India
Anaganaga Oka Thandri,1974,India
Anagarika Dharmapala Srimathano,2014,Sri Lanka
Anagha,1989,India
Anagni,1911,Italy
Anagnorisis,2009,USA
Anagn�risis,2014,Spain
Anagram,2008,Netherlands
Anagram,2014,UK
Anagram,,USA
Anagramas,2014,Argentina
Anaheim Comic Con Highlights,2011,USA
Anaheim Ducks: NHL Stanley Cup Champions - 2007,2007,USA
Anaheim the Film,2013,USA
Anahit,1947,Soviet Union
Anahit,2014,Armenia
Anahita,2010,Iran
Anahorisi,1968,Greece
Anahtar,2012,Cyprus
Anahtari bendedir,1986,Turkey
Anahut,1974,India
Anahy de las Misiones,1997,Brazil
Anahy de las Misiones,1997,Argentina
Anais Anais,2013,Australia
Anais Exposed,2005,USA
Anais Nin Observed,1974,USA
Anaisthisia,1993,Greece
Anajigoku,1968,Japan
Anak,1982,Philippines
Anak,2000,Philippines
Anak,2010,Philippines
Anak Jantan,2014,Malaysia
Anak Mami Kembali,2005,Malaysia
Anak Maynila,1993,Philippines
Anak Pontianak,1958,Singapore
Anak Pontianak,1958,Hong Kong
Anak Sarawak,1988,Malaysia
Anak ajaib,2008,Indonesia
Anak anak lumpur,2009,Indonesia
Anak araw,2012,Philippines
Anak badjao,1987,Philippines
Anak dalita,1956,Philippines
Anak duyung,1999,Malaysia
Anak halal,1999,Malaysia
Anak halal,2007,Malaysia
Anak hilang,1993,Indonesia
Anak ka ng tatay mo,2004,Philippines
Anak ko ... Lando,1985,Philippines
Anak mayaman, anak mahirap,1992,Philippines
Anak ng Berdugo,1955,Philippines
Anak ng Cabron: Ikalawang Ugat,1991,Philippines
Anak ng Kulafu,1947,Philippines
Anak ng Kumander,2008,Philippines
Anak ng Maton,1979,Philippines
Anak ng Pare,1935,Philippines
Anak ng Pasig,1993,Philippines
Anak ng Pusa Naman, Tonyo!,2016,Philippines
Anak ng Sultan,1983,Philippines
Anak ng Tondo,1985,Philippines
Anak ng araw,1975,Philippines
Anak ng asawa ko,1987,Philippines
Anak ng asuang,1973,Philippines
Anak ng atsay,1979,Philippines
Anak ng bilanggo,1934,Philippines
Anak ng birhen,1935,Philippines
Anak ng bulkan,1959,Philippines
Anak ng bulkan,1997,Philippines
Anak ng bulkan,1997,USA
Anak ng cabron,1988,Philippines
Anak ng demonyo,1989,Philippines
Anak ng dilim,1997,Philippines
Anak ng espada,1954,Philippines
Anak ng hinagpis,1939,Philippines
Anak ng kadiliman,1937,Philippines
Anak ng kidlat,1959,Philippines
Anak ng lasengga,1958,Philippines
Anak ng lupa,1987,Philippines
Anak ng panday,1949,Philippines
Anak ng pari,1937,Philippines
Anak ng pulubi,1951,Philippines
Anak ng supremo,1986,Philippines
Anak ng tinapa,2005,Philippines
Anak ng tulisan,1982,Philippines
Anak ng yakuza,1997,Philippines
Anak ni Baby Ama,1990,Philippines
Anak ni Boy Negro,1997,Philippines
Anak ni Dyesebel,1964,Philippines
Anak ni Janice,1991,Philippines
Anak ni Waray,1958,Philippines
Anak ni Waray vs Anak ni Biday,1984,Philippines
Anak ni Zuma,1987,Philippines
Anak ni harabas,1977,Philippines
Anak ni kamagong,1964,Philippines
Anak ni palaris,1955,Philippines
Anak sa labas,1971,Philippines
Anak sa panalangin,1954,Philippines
Anak sa una, kasal sa ina,1978,Philippines
Anak sabiran, di balik cahaya gemerlapan: Sang arsip,2013,Indonesia
Anak setan,2009,Indonesia
Anak, ang iyong ina!,1963,Philippines
Anak, pagsubok lamang,1996,Philippines
Anak-Anak Srikandi,2012,Indonesia
Anak-Anak Srikandi,2012,Switzerland
Anak-Anak Srikandi,2012,Germany
Anak-anak Borobudur,2007,Indonesia
Anak-anak malam,1986,Indonesia
Anak-dalita,1936,Philippines
Anak-pawis,1948,Philippines
Anaka,2005,Australia
Anakalypste tin Ellada,1988,Greece
Anakan mo ako,1999,Philippines
Anakh Jattan Dee,1990,India
Anakin,2008,USA
Anakin's Assignment,2011,USA
Anakiseuteu Anarchists,2000,South Korea
Anakiseuteu Anarchists,2000,China
Anakku Sazali,1956,Singapore
Anakku Sazali,1956,Malaysia
Anakku sajang,1957,Indonesia
Anakluh,2011,Indonesia
Anaknja Siloeman Oeler Poeti,1936,Indonesia
Anaknya Sazali,2000,Malaysia
Anakolut,2000,Sweden
Anakonda im Netz,2006,Germany
Anakoufisi miden,2000,USA
Anaktoron,,UK
Anal,2011,USA
Anal 2,2012,USA
Anal 3 Way,2005,USA
Anal 4-Pack,2008,USA
Anal Abused,2011,USA
Anal Academics,2009,USA
Anal Acrobats,2007,USA
Anal Acrobats 2,2008,USA
Anal Acrobats 3,2008,USA
Anal Acrobats 4,2009,USA
Anal Acrobats 5,2010,USA
Anal Acrobats 6,2011,USA
Anal Acrobats 7,2011,USA
Anal Acrobats 8,2013,USA
Anal Acrobats 9,2015,USA
Anal Addict,1995,USA
Anal Addiction,1992,USA
Anal Addiction,1998,USA
Anal Addiction,2004,USA
Anal Addiction,2013,UK
Anal Addiction,2013,Netherlands
Anal Addiction 2,1990,USA
Anal Addiction 3,1991,USA
Anal Addicts,1995,USA
Anal Addicts,2008,UK
Anal Addicts 1,2000,USA
Anal Addicts 10,2002,USA
Anal Addicts 11,2003,USA
Anal Addicts 12,2003,USA
Anal Addicts 13,2003,USA
Anal Addicts 14,2004,USA
Anal Addicts 15,2004,USA
Anal Addicts 16,2004,USA
Anal Addicts 17,2004,USA
Anal Addicts 18,2005,USA
Anal Addicts 19,2005,USA
Anal Addicts 2,2001,USA
Anal Addicts 20,2005,USA
Anal Addicts 21,2006,USA
Anal Addicts 22,2006,USA
Anal Addicts 23,2006,USA
Anal Addicts 24,2006,USA
Anal Addicts 25,2006,USA
Anal Addicts 26,2007,USA
Anal Addicts 27,2006,USA
Anal Addicts 28,2006,USA
Anal Addicts 29,2007,USA
Anal Addicts 3,2001,USA
Anal Addicts 30,2007,USA
Anal Addicts 31,2007,USA
Anal Addicts 32,2008,USA
Anal Addicts 33,2008,USA
Anal Addicts 4,2001,USA
Anal Addicts 5,2001,USA
Anal Addicts 6,2001,USA
Anal Addicts 7,2001,USA
Anal Addicts 8,2002,USA
Anal Addicts 9,2002,USA
Anal Addicts Vol.26,2007,USA
Anal Adolescents,2005,USA
Anal Adventures,1992,USA
Anal Adventures 1: Anal Executive,1992,USA
Anal Adventures 1: Sorority Sisters,2006,USA
Anal Adventures 2: Bodacious Buns,1992,USA
Anal Adventures 3: Can Her!,1992,USA
Anal Adventures 4: Doin' It Up,1992,USA
Anal Adventures of Bruce Seven,1995,USA
Anal Adventures of Max Hardcore 3: Between the Lines,1992,USA
Anal Adventures of Max Hardcore 7: Wildlife,1994,USA
Anal Adventures of Max Hardcore: Full Throttle,1994,USA
Anal Adventures of Max Hardcore: Grand Prix,1994,USA
Anal Adventures of Max Hardcore: Video Games,1994,USA
Anal Adventures of Suzy Super Slut,1994,USA
Anal Adventures of Suzy Super Slut 2,1995,USA
Anal After Hours,1998,USA
Anal Agenda,2014,USA
Anal Agenda 2,2014,USA
Anal Agony,1994,USA
Anal Al's Adventures,1995,USA
Anal Alice,1993,USA
Anal Alien,1994,USA
Anal Aliens,2004,USA
Anal All Stars,1994,USA
Anal Alley,1990,USA
Anal Alley,1996,USA
Anal Alley Cat,1995,USA
Anal Amateurs,1992,USA
Anal Amateurs,1996,USA
Anal Anal Anal,1995,Germany
Anal Analysis,1992,USA
Anal Analysis,1992,USA
Anal Anarchy,1995,USA
Anal Angel,1991,USA
Anal Angel,1994,USA
Anal Angels,1986,USA
Anal Angels,1990,USA
Anal Angels,1996,USA
Anal Angels,1998,USA
Anal Angels,2001,USA
Anal Angels,2005,USA
Anal Angels,2009,USA
Anal Angels,2010,USA
Anal Angels,2015,USA
Anal Angels 1,2004,UK
Anal Angels 2,1990,USA
Anal Angels 2,2005,USA
Anal Angels 3,2002,USA
Anal Angels 6,1996,USA
Anal Angels in High Heels,2001,USA
Anal Annie Just Can't Say No,1985,USA
Anal Annie and the Backdoor Housewives,1984,USA
Anal Annie and the Magic Dildo,1985,USA
Anal Annie and the Men in Her Life,1993,USA
Anal Annie and the Willing Husbands,1985,USA
Anal Annie's All-Girl Escort Service,1990,USA
Anal Annihilation,2004,USA
Anal Annihilation 2,2004,USA
Anal Annihilation 3,2005,USA
Anal Annihilations 2,2011,USA
Anal Annihilations 3,2012,USA
Anal Anonymous,1994,USA
Anal Anonymous,1995,USA
Anal Antics,2006,USA
Anal Appetite,2013,USA
Anal Appetite 2,2014,USA
Anal Aristocrat,1995,USA
Anal Aristocrats,1996,USA
Anal Aristocrats,2006,USA
Anal Arsenal,1994,USA
Anal Artists,2012,USA
Anal Asian,1992,USA
Anal Asian 2: The Won-ton Woman,1994,USA
Anal Asian Style,2016,USA
Anal Asians,1991,USA
Anal Asians,1994,USA
Anal Assassins,1991,USA
Anal Assassins,1997,USA
Anal Assassins,2006,USA
Anal Assault,2002,USA
Anal Assault 2,2003,USA
Anal Assault 3,2003,USA
Anal Assault 4,2003,USA
Anal Assault 5,2003,USA
Anal Assault, Vol. 1,2007,USA
Anal Asses,2013,USA
Anal Associates,2003,USA
Anal Asspirations,1993,USA
Anal Asspirations,2000,USA
Anal Asspirations,2005,USA
Anal Asspirations 10,2008,USA
Anal Asspirations 11,2009,USA
Anal Asspirations 2,2005,USA
Anal Asspirations 3,2006,USA
Anal Asspirations 4,2006,USA
Anal Asspirations 5,2006,USA
Anal Asspirations 6,2007,USA
Anal Asspirations 7,2007,USA
Anal Asspirations 8,2008,USA
Anal Asspirations 9,2008,USA
Anal Asylum,1998,USA
Anal Attack,1991,USA
Anal Attack,1999,France
Anal Attack,2010,USA
Anal Attack 10,2012,USA
Anal Attack 11,2012,Hungary
Anal Attack 12,2012,Hungary
Anal Attack 2,2010,USA
Anal Attack 3,2011,USA
Anal Attack 4,2011,USA
Anal Attack 5,2011,USA
Anal Attack 6,2011,USA
Anal Attack 6,2011,Hungary
Anal Attack 7,2011,USA
Anal Attack 8,2011,USA
Anal Attack 9,2012,USA
Anal Attackers,2005,USA
Anal Attitude,1993,USA
Anal Attraction,1989,USA
Anal Attraction,1994,USA
Anal Attraction 2,1993,USA
Anal Auditions,1997,France
Anal Auditions,2014,USA
Anal Auditions 10,1997,USA
Anal Auditions 8,1997,USA
Anal Authority,2005,USA
Anal Authority 2,2005,USA
Anal Authority 3,2005,USA
Anal Avenue,1992,USA
Anal Avenue Sluts,2015,USA

